{
	"start":	{
		"connected":	[{
				"socket":	5,
				"local_host":	"10.10.0.1",
				"local_port":	39716,
				"remote_host":	"10.10.0.2",
				"remote_port":	5202
			}],
		"version":	"iperf 3.16",
		"system_info":	"Linux lnx 6.8.0-85-generic #85-Ubuntu SMP PREEMPT_DYNAMIC Thu Sep 18 15:21:04 UTC 2025 aarch64",
		"timestamp":	{
			"time":	"Mon, 06 Oct 2025 18:31:44 GMT",
			"timesecs":	1759775504
		},
		"connecting_to":	{
			"host":	"10.10.0.2",
			"port":	5202
		},
		"cookie":	"r5tb5octcfsiknw74flkpkjjbcnlshhaii7h",
		"tcp_mss_default":	8948,
		"target_bitrate":	0,
		"fq_rate":	0,
		"sock_bufsize":	4194304,
		"sndbuf_actual":	8388608,
		"rcvbuf_actual":	8388608,
		"test_start":	{
			"protocol":	"TCP",
			"num_streams":	1,
			"blksize":	131072,
			"omit":	0,
			"duration":	15,
			"bytes":	0,
			"blocks":	0,
			"reverse":	0,
			"tos":	0,
			"target_bitrate":	0,
			"bidir":	0,
			"fqrate":	0
		}
	},
	"intervals":	[{
			"streams":	[{
					"socket":	5,
					"start":	0,
					"end":	1.00101,
					"seconds":	1.0010099411010742,
					"bytes":	11659247616,
					"bits_per_second":	93179874742.7044,
					"retransmits":	0,
					"snd_cwnd":	2335428,
					"snd_wnd":	7644672,
					"rtt":	66,
					"rttvar":	12,
					"pmtu":	9000,
					"omitted":	false,
					"sender":	true
				}],
			"sum":	{
				"start":	0,
				"end":	1.00101,
				"seconds":	1.0010099411010742,
				"bytes":	11659247616,
				"bits_per_second":	93179874742.7044,
				"retransmits":	0,
				"omitted":	false,
				"sender":	true
			}
		}, {
			"streams":	[{
					"socket":	5,
					"start":	1.00101,
					"end":	2.001036,
					"seconds":	1.0000259876251221,
					"bytes":	11574575104,
					"bits_per_second":	92594194528.7841,
					"retransmits":	0,
					"snd_cwnd":	2702296,
					"snd_wnd":	8032384,
					"rtt":	64,
					"rttvar":	14,
					"pmtu":	9000,
					"omitted":	false,
					"sender":	true
				}],
			"sum":	{
				"start":	1.00101,
				"end":	2.001036,
				"seconds":	1.0000259876251221,
				"bytes":	11574575104,
				"bits_per_second":	92594194528.7841,
				"retransmits":	0,
				"omitted":	false,
				"sender":	true
			}
		}, {
			"streams":	[{
					"socket":	5,
					"start":	2.001036,
					"end":	3.001026,
					"seconds":	0.99998998641967773,
					"bytes":	11490557952,
					"bits_per_second":	91925384118.217529,
					"retransmits":	0,
					"snd_cwnd":	2997580,
					"snd_wnd":	7777408,
					"rtt":	60,
					"rttvar":	10,
					"pmtu":	9000,
					"omitted":	false,
					"sender":	true
				}],
			"sum":	{
				"start":	2.001036,
				"end":	3.001026,
				"seconds":	0.99998998641967773,
				"bytes":	11490557952,
				"bits_per_second":	91925384118.217529,
				"retransmits":	0,
				"omitted":	false,
				"sender":	true
			}
		}, {
			"streams":	[{
					"socket":	5,
					"start":	3.001026,
					"end":	4.001017,
					"seconds":	0.999990999698639,
					"bytes":	11701190656,
					"bits_per_second":	93610367769.520447,
					"retransmits":	0,
					"snd_cwnd":	2997580,
					"snd_wnd":	8032384,
					"rtt":	57,
					"rttvar":	13,
					"pmtu":	9000,
					"omitted":	false,
					"sender":	true
				}],
			"sum":	{
				"start":	3.001026,
				"end":	4.001017,
				"seconds":	0.999990999698639,
				"bytes":	11701190656,
				"bits_per_second":	93610367769.520447,
				"retransmits":	0,
				"omitted":	false,
				"sender":	true
			}
		}, {
			"streams":	[{
					"socket":	5,
					"start":	4.001017,
					"end":	5.000547,
					"seconds":	0.999530017375946,
					"bytes":	14015791104,
					"bits_per_second":	112179051036.77014,
					"retransmits":	0,
					"snd_cwnd":	2997580,
					"snd_wnd":	0,
					"rtt":	31,
					"rttvar":	4,
					"pmtu":	9000,
					"omitted":	false,
					"sender":	true
				}],
			"sum":	{
				"start":	4.001017,
				"end":	5.000547,
				"seconds":	0.999530017375946,
				"bytes":	14015791104,
				"bits_per_second":	112179051036.77014,
				"retransmits":	0,
				"omitted":	false,
				"sender":	true
			}
		}, {
			"streams":	[{
					"socket":	5,
					"start":	5.000547,
					"end":	6.000631,
					"seconds":	1.0000840425491333,
					"bytes":	15007744000,
					"bits_per_second":	120051862535.44432,
					"retransmits":	0,
					"snd_cwnd":	3453928,
					"snd_wnd":	628480,
					"rtt":	63,
					"rttvar":	21,
					"pmtu":	9000,
					"omitted":	false,
					"sender":	true
				}],
			"sum":	{
				"start":	5.000547,
				"end":	6.000631,
				"seconds":	1.0000840425491333,
				"bytes":	15007744000,
				"bits_per_second":	120051862535.44432,
				"retransmits":	0,
				"omitted":	false,
				"sender":	true
			}
		}, {
			"streams":	[{
					"socket":	5,
					"start":	6.000631,
					"end":	7.016123,
					"seconds":	1.0154919624328613,
					"bytes":	16003497984,
					"bits_per_second":	126074837229.9052,
					"retransmits":	0,
					"snd_cwnd":	3453928,
					"snd_wnd":	677504,
					"rtt":	69,
					"rttvar":	17,
					"pmtu":	9000,
					"omitted":	false,
					"sender":	true
				}],
			"sum":	{
				"start":	6.000631,
				"end":	7.016123,
				"seconds":	1.0154919624328613,
				"bytes":	16003497984,
				"bits_per_second":	126074837229.9052,
				"retransmits":	0,
				"omitted":	false,
				"sender":	true
			}
		}, {
			"streams":	[{
					"socket":	5,
					"start":	7.016123,
					"end":	8.003849,
					"seconds":	0.98772597312927246,
					"bytes":	16038363136,
					"bits_per_second":	129901317347.66818,
					"retransmits":	0,
					"snd_cwnd":	3453928,
					"snd_wnd":	813056,
					"rtt":	34,
					"rttvar":	5,
					"pmtu":	9000,
					"omitted":	false,
					"sender":	true
				}],
			"sum":	{
				"start":	7.016123,
				"end":	8.003849,
				"seconds":	0.98772597312927246,
				"bytes":	16038363136,
				"bits_per_second":	129901317347.66818,
				"retransmits":	0,
				"omitted":	false,
				"sender":	true
			}
		}, {
			"streams":	[{
					"socket":	5,
					"start":	8.003849,
					"end":	9.054788,
					"seconds":	1.0509389638900757,
					"bytes":	16943677440,
					"bits_per_second":	128979345306.84883,
					"retransmits":	0,
					"snd_cwnd":	3453928,
					"snd_wnd":	0,
					"rtt":	32,
					"rttvar":	5,
					"pmtu":	9000,
					"omitted":	false,
					"sender":	true
				}],
			"sum":	{
				"start":	8.003849,
				"end":	9.054788,
				"seconds":	1.0509389638900757,
				"bytes":	16943677440,
				"bits_per_second":	128979345306.84883,
				"retransmits":	0,
				"omitted":	false,
				"sender":	true
			}
		}, {
			"streams":	[{
					"socket":	5,
					"start":	9.054788,
					"end":	10.000164,
					"seconds":	0.94537597894668579,
					"bytes":	15136718848,
					"bits_per_second":	128090572936.83263,
					"retransmits":	0,
					"snd_cwnd":	3453928,
					"snd_wnd":	511488,
					"rtt":	35,
					"rttvar":	8,
					"pmtu":	9000,
					"omitted":	false,
					"sender":	true
				}],
			"sum":	{
				"start":	9.054788,
				"end":	10.000164,
				"seconds":	0.94537597894668579,
				"bytes":	15136718848,
				"bits_per_second":	128090572936.83263,
				"retransmits":	0,
				"omitted":	false,
				"sender":	true
			}
		}, {
			"streams":	[{
					"socket":	5,
					"start":	10.000164,
					"end":	11.000829,
					"seconds":	1.0006649494171143,
					"bytes":	10687741952,
					"bits_per_second":	85445118933.9696,
					"retransmits":	0,
					"snd_cwnd":	3453928,
					"snd_wnd":	311424,
					"rtt":	57,
					"rttvar":	18,
					"pmtu":	9000,
					"omitted":	false,
					"sender":	true
				}],
			"sum":	{
				"start":	10.000164,
				"end":	11.000829,
				"seconds":	1.0006649494171143,
				"bytes":	10687741952,
				"bits_per_second":	85445118933.9696,
				"retransmits":	0,
				"omitted":	false,
				"sender":	true
			}
		}, {
			"streams":	[{
					"socket":	5,
					"start":	11.000829,
					"end":	12.054929,
					"seconds":	1.0541000366210938,
					"bytes":	11417944064,
					"bits_per_second":	86655487466.636246,
					"retransmits":	0,
					"snd_cwnd":	3453928,
					"snd_wnd":	534400,
					"rtt":	59,
					"rttvar":	17,
					"pmtu":	9000,
					"omitted":	false,
					"sender":	true
				}],
			"sum":	{
				"start":	11.000829,
				"end":	12.054929,
				"seconds":	1.0541000366210938,
				"bytes":	11417944064,