{
	"start":	{
		"connected":	[{
				"socket":	5,
				"local_host":	"10.10.0.1",
				"local_port":	41822,
				"remote_host":	"10.10.0.2",
				"remote_port":	5202
			}],
		"version":	"iperf 3.16",
		"system_info":	"Linux lnx 6.8.0-85-generic #85-Ubuntu SMP PREEMPT_DYNAMIC Thu Sep 18 15:21:04 UTC 2025 aarch64",
		"timestamp":	{
			"time":	"Mon, 06 Oct 2025 18:51:21 GMT",
			"timesecs":	1759776681
		},
		"connecting_to":	{
			"host":	"10.10.0.2",
			"port":	5202
		},
		"cookie":	"etzyonf7uta4orcgkye7eksl2cu66yxxsgcp",
		"tcp_mss_default":	8948,
		"target_bitrate":	0,
		"fq_rate":	0,
		"sock_bufsize":	4194304,
		"sndbuf_actual":	8388608,
		"rcvbuf_actual":	8388608,
		"test_start":	{
			"protocol":	"TCP",
			"num_streams":	1,
			"blksize":	131072,
			"omit":	0,
			"duration":	15,
			"bytes":	0,
			"blocks":	0,
			"reverse":	0,
			"tos":	0,
			"target_bitrate":	0,
			"bidir":	0,
			"fqrate":	0
		}
	},
	"intervals":	[{
			"streams":	[{
					"socket":	5,
					"start":	0,
					"end":	1.000302,
					"seconds":	1.0003019571304321,
					"bytes":	16957440000,
					"bits_per_second":	135618569006.06961,
					"retransmits":	0,
					"snd_cwnd":	4572428,
					"snd_wnd":	7317376,
					"rtt":	39,
					"rttvar":	18,
					"pmtu":	9000,
					"omitted":	false,
					"sender":	true
				}],
			"sum":	{
				"start":	0,
				"end":	1.000302,
				"seconds":	1.0003019571304321,
				"bytes":	16957440000,
				"bits_per_second":	135618569006.06961,
				"retransmits":	0,
				"omitted":	false,
				"sender":	true
			}
		}, {
			"streams":	[{
					"socket":	5,
					"start":	1.000302,
					"end":	2.044141,
					"seconds":	1.0438389778137207,
					"bytes":	18320719872,
					"bits_per_second":	140410314321.63623,
					"retransmits":	0,
					"snd_cwnd":	5028776,
					"snd_wnd":	286080,
					"rtt":	42,
					"rttvar":	10,
					"pmtu":	9000,
					"omitted":	false,
					"sender":	true
				}],
			"sum":	{
				"start":	1.000302,
				"end":	2.044141,
				"seconds":	1.0438389778137207,
				"bytes":	18320719872,
				"bits_per_second":	140410314321.63623,
				"retransmits":	0,
				"omitted":	false,
				"sender":	true
			}
		}, {
			"streams":	[{
					"socket":	5,
					"start":	2.044141,
					"end":	3.01028,
					"seconds":	0.966139018535614,
					"bytes":	18079809536,
					"bits_per_second":	149707726852.01132,
					"retransmits":	0,
					"snd_cwnd":	5028776,
					"snd_wnd":	569472,
					"rtt":	36,
					"rttvar":	5,
					"pmtu":	9000,
					"omitted":	false,
					"sender":	true
				}],
			"sum":	{
				"start":	2.044141,
				"end":	3.01028,
				"seconds":	0.966139018535614,
				"bytes":	18079809536,
				"bits_per_second":	149707726852.01132,
				"retransmits":	0,
				"omitted":	false,
				"sender":	true
			}
		}, {
			"streams":	[{
					"socket":	5,
					"start":	3.01028,
					"end":	4.009015,
					"seconds":	0.998735010623932,
					"bytes":	18648530944,
					"bits_per_second":	149377208133.31537,
					"retransmits":	0,
					"snd_cwnd":	5028776,
					"snd_wnd":	813056,
					"rtt":	39,
					"rttvar":	10,
					"pmtu":	9000,
					"omitted":	false,
					"sender":	true
				}],
			"sum":	{
				"start":	3.01028,
				"end":	4.009015,
				"seconds":	0.998735010623932,
				"bytes":	18648530944,
				"bits_per_second":	149377208133.31537,
				"retransmits":	0,
				"omitted":	false,
				"sender":	true
			}
		}, {
			"streams":	[{
					"socket":	5,
					"start":	4.009015,
					"end":	5.004346,
					"seconds":	0.99533098936080933,
					"bytes":	18053857280,
					"bits_per_second":	145108370766.9465,
					"retransmits":	0,
					"snd_cwnd":	5538812,
					"snd_wnd":	8090496,
					"rtt":	37,
					"rttvar":	7,
					"pmtu":	9000,
					"omitted":	false,
					"sender":	true
				}],
			"sum":	{
				"start":	4.009015,
				"end":	5.004346,
				"seconds":	0.99533098936080933,
				"bytes":	18053857280,
				"bits_per_second":	145108370766.9465,
				"retransmits":	0,
				"omitted":	false,
				"sender":	true
			}
		}, {
			"streams":	[{
					"socket":	5,
					"start":	5.004346,
					"end":	6.009881,
					"seconds":	1.0055350065231323,
					"bytes":	17660116992,
					"bits_per_second":	140503249533.31183,
					"retransmits":	0,
					"snd_cwnd":	5708824,
					"snd_wnd":	4124416,
					"rtt":	33,
					"rttvar":	3,
					"pmtu":	9000,
					"omitted":	false,
					"sender":	true
				}],
			"sum":	{
				"start":	5.004346,
				"end":	6.009881,
				"seconds":	1.0055350065231323,
				"bytes":	17660116992,
				"bits_per_second":	140503249533.31183,
				"retransmits":	0,
				"omitted":	false,
				"sender":	true
			}
		}, {
			"streams":	[{
					"socket":	5,
					"start":	6.009881,
					"end":	7.000897,
					"seconds":	0.9910159707069397,
					"bytes":	18394382336,
					"bits_per_second":	148489089013.39618,
					"retransmits":	0,
					"snd_cwnd":	5708824,
					"snd_wnd":	814848,
					"rtt":	48,
					"rttvar":	12,
					"pmtu":	9000,
					"omitted":	false,
					"sender":	true
				}],
			"sum":	{
				"start":	6.009881,
				"end":	7.000897,
				"seconds":	0.9910159707069397,
				"bytes":	18394382336,
				"bits_per_second":	148489089013.39618,
				"retransmits":	0,
				"omitted":	false,
				"sender":	true
			}
		}, {
			"streams":	[{
					"socket":	5,
					"start":	7.000897,
					"end":	8.001027,
					"seconds":	1.0001300573349,
					"bytes":	18554290176,
					"bits_per_second":	148415018946.17673,
					"retransmits":	0,
					"snd_cwnd":	5708824,
					"snd_wnd":	709248,
					"rtt":	45,
					"rttvar":	7,
					"pmtu":	9000,
					"omitted":	false,
					"sender":	true
				}],
			"sum":	{
				"start":	7.000897,
				"end":	8.001027,
				"seconds":	1.0001300573349,
				"bytes":	18554290176,
				"bits_per_second":	148415018946.17673,
				"retransmits":	0,
				"omitted":	false,
				"sender":	true
			}
		}, {
			"streams":	[{
					"socket":	5,
					"start":	8.001027,
					"end":	9.001061,
					"seconds":	1.000033974647522,
					"bytes":	18527682560,
					"bits_per_second":	148216424879.20776,
					"retransmits":	0,
					"snd_cwnd":	5708824,
					"snd_wnd":	625792,
					"rtt":	50,
					"rttvar":	15,
					"pmtu":	9000,
					"omitted":	false,
					"sender":	true
				}],
			"sum":	{
				"start":	8.001027,
				"end":	9.001061,
				"seconds":	1.000033974647522,
				"bytes":	18527682560,
				"bits_per_second":	148216424879.20776,
				"retransmits":	0,
				"omitted":	false,
				"sender":	true
			}
		}, {
			"streams":	[{
					"socket":	5,
					"start":	9.001061,
					"end":	10.000201,
					"seconds":	0.99914002418518066,
					"bytes":	18496225280,
					"bits_per_second":	148097162217.75064,
					"retransmits":	0,
					"snd_cwnd":	5708824,
					"snd_wnd":	1304704,
					"rtt":	49,
					"rttvar":	11,
					"pmtu":	9000,
					"omitted":	false,
					"sender":	true
				}],
			"sum":	{
				"start":	9.001061,
				"end":	10.000201,
				"seconds":	0.99914002418518066,
				"bytes":	18496225280,
				"bits_per_second":	148097162217.75064,
				"retransmits":	0,
				"omitted":	false,
				"sender":	true
			}
		}, {
			"streams":	[{
					"socket":	5,
					"start":	10.000201,
					"end":	11.000299,
					"seconds":	1.0000979900360107,
					"bytes":	18537250816,
					"bits_per_second":	148283476224.82492,
					"retransmits":	0,
					"snd_cwnd":	5708824,
					"snd_wnd":	562688,
					"rtt":	33,
					"rttvar":	11,
					"pmtu":	9000,
					"omitted":	false,
					"sender":	true
				}],
			"sum":	{
				"start":	10.000201,
				"end":	11.000299,
				"seconds":	1.0000979900360107,
				"bytes":	18537250816,
				"bits_per_second":	148283476224.82492,
				"retransmits":	0,
				"omitted":	false,
				"sender":	true
			}
		}, {
			"streams":	[{
					"socket":	5,
					"start":	11.000299,
					"end":	12.07495,
					"seconds":	1.0746510028839111,
					"bytes":	20060962816,
					"bits_per_second":	149339368871.67883,
					"retransmits":	0,
					"snd_cwnd":	5708824,
					"snd_wnd":	540800,
					"rtt":	38,
					"rttvar":	9,
					"pmtu":	9000,
					"omitted":	false,
					"sender":	true
				}],
			"sum":	{
				"start":	11.000299,
				"end":	12.07495,
				"seconds":	1.0746510028839111,
				"bytes":	20060962816,