{
	"start":	{
		"connected":	[{
				"socket":	5,
				"local_host":	"10.10.0.1",
				"local_port":	45788,
				"remote_host":	"10.10.0.2",
				"remote_port":	5202
			}],
		"version":	"iperf 3.16",
		"system_info":	"Linux lnx 6.8.0-85-generic #85-Ubuntu SMP PREEMPT_DYNAMIC Thu Sep 18 15:21:04 UTC 2025 aarch64",
		"timestamp":	{
			"time":	"Mon, 06 Oct 2025 18:35:35 GMT",
			"timesecs":	1759775735
		},
		"connecting_to":	{
			"host":	"10.10.0.2",
			"port":	5202
		},
		"cookie":	"hblwqwyqffdnwaoe4hpipc6ra4uwomjliykm",
		"tcp_mss_default":	1448,
		"target_bitrate":	0,
		"fq_rate":	0,
		"sock_bufsize":	4194304,
		"sndbuf_actual":	8388608,
		"rcvbuf_actual":	8388608,
		"test_start":	{
			"protocol":	"TCP",
			"num_streams":	1,
			"blksize":	131072,
			"omit":	0,
			"duration":	15,
			"bytes":	0,
			"blocks":	0,
			"reverse":	0,
			"tos":	0,
			"target_bitrate":	0,
			"bidir":	0,
			"fqrate":	0
		}
	},
	"intervals":	[{
			"streams":	[{
					"socket":	5,
					"start":	0,
					"end":	1.068512,
					"seconds":	1.068511962890625,
					"bytes":	15832580096,
					"bits_per_second":	118539281886.32291,
					"retransmits":	0,
					"snd_cwnd":	2644048,
					"snd_wnd":	7230464,
					"rtt":	38,
					"rttvar":	8,
					"pmtu":	1500,
					"omitted":	false,
					"sender":	true
				}],
			"sum":	{
				"start":	0,
				"end":	1.068512,
				"seconds":	1.068511962890625,
				"bytes":	15832580096,
				"bits_per_second":	118539281886.32291,
				"retransmits":	0,
				"omitted":	false,
				"sender":	true
			}
		}, {
			"streams":	[{
					"socket":	5,
					"start":	1.068512,
					"end":	2.009017,
					"seconds":	0.940505027770996,
					"bytes":	14268104704,
					"bits_per_second":	121365473082.60979,
					"retransmits":	0,
					"snd_cwnd":	2644048,
					"snd_wnd":	7169152,
					"rtt":	47,
					"rttvar":	15,
					"pmtu":	1500,
					"omitted":	false,
					"sender":	true
				}],
			"sum":	{
				"start":	1.068512,
				"end":	2.009017,
				"seconds":	0.940505027770996,
				"bytes":	14268104704,
				"bits_per_second":	121365473082.60979,
				"retransmits":	0,
				"omitted":	false,
				"sender":	true
			}
		}, {
			"streams":	[{
					"socket":	5,
					"start":	2.009017,
					"end":	3.001193,
					"seconds":	0.99217599630355835,
					"bytes":	14986510336,
					"bits_per_second":	120837515858.74767,
					"retransmits":	0,
					"snd_cwnd":	3605520,
					"snd_wnd":	2208128,
					"rtt":	34,
					"rttvar":	8,
					"pmtu":	1500,
					"omitted":	false,
					"sender":	true
				}],
			"sum":	{
				"start":	2.009017,
				"end":	3.001193,
				"seconds":	0.99217599630355835,
				"bytes":	14986510336,
				"bits_per_second":	120837515858.74767,
				"retransmits":	0,
				"omitted":	false,
				"sender":	true
			}
		}, {
			"streams":	[{
					"socket":	5,
					"start":	3.001193,
					"end":	4.075379,
					"seconds":	1.0741859674453735,
					"bytes":	16148463616,
					"bits_per_second":	120265682892.16615,
					"retransmits":	0,
					"snd_cwnd":	3795208,
					"snd_wnd":	7168384,
					"rtt":	37,
					"rttvar":	15,
					"pmtu":	1500,
					"omitted":	false,
					"sender":	true
				}],
			"sum":	{
				"start":	3.001193,
				"end":	4.075379,
				"seconds":	1.0741859674453735,
				"bytes":	16148463616,
				"bits_per_second":	120265682892.16615,
				"retransmits":	0,
				"omitted":	false,
				"sender":	true
			}
		}, {
			"streams":	[{
					"socket":	5,
					"start":	4.075379,
					"end":	5.064028,
					"seconds":	0.988649010658264,
					"bytes":	14958592000,
					"bits_per_second":	121042690287.34671,
					"retransmits":	0,
					"snd_cwnd":	3995032,
					"snd_wnd":	7050240,
					"rtt":	27,
					"rttvar":	3,
					"pmtu":	1500,
					"omitted":	false,
					"sender":	true
				}],
			"sum":	{
				"start":	4.075379,
				"end":	5.064028,
				"seconds":	0.988649010658264,
				"bytes":	14958592000,
				"bits_per_second":	121042690287.34671,
				"retransmits":	0,
				"omitted":	false,
				"sender":	true
			}
		}, {
			"streams":	[{
					"socket":	5,
					"start":	5.064028,
					"end":	6.009056,
					"seconds":	0.945028007030487,
					"bytes":	14379384832,
					"bits_per_second":	121726634343.32365,
					"retransmits":	0,
					"snd_cwnd":	4204992,
					"snd_wnd":	3389952,
					"rtt":	28,
					"rttvar":	4,
					"pmtu":	1500,
					"omitted":	false,
					"sender":	true
				}],
			"sum":	{
				"start":	5.064028,
				"end":	6.009056,
				"seconds":	0.945028007030487,
				"bytes":	14379384832,
				"bits_per_second":	121726634343.32365,
				"retransmits":	0,
				"omitted":	false,
				"sender":	true
			}
		}, {
			"streams":	[{
					"socket":	5,
					"start":	6.009056,
					"end":	7.001192,
					"seconds":	0.992136001586914,
					"bytes":	15064367104,
					"bits_per_second":	121470178119.97273,
					"retransmits":	0,
					"snd_cwnd":	4461288,
					"snd_wnd":	7288832,
					"rtt":	33,
					"rttvar":	5,
					"pmtu":	1500,
					"omitted":	false,
					"sender":	true
				}],
			"sum":	{
				"start":	6.009056,
				"end":	7.001192,
				"seconds":	0.992136001586914,
				"bytes":	15064367104,
				"bits_per_second":	121470178119.97273,
				"retransmits":	0,
				"omitted":	false,
				"sender":	true
			}
		}, {
			"streams":	[{
					"socket":	5,
					"start":	7.001192,
					"end":	8.009066,
					"seconds":	1.0078740119934082,
					"bytes":	15281946624,
					"bits_per_second":	121300451779.87939,
					"retransmits":	0,
					"snd_cwnd":	4681384,
					"snd_wnd":	7288832,
					"rtt":	40,
					"rttvar":	16,
					"pmtu":	1500,
					"omitted":	false,
					"sender":	true
				}],
			"sum":	{
				"start":	7.001192,
				"end":	8.009066,
				"seconds":	1.0078740119934082,
				"bytes":	15281946624,
				"bits_per_second":	121300451779.87939,
				"retransmits":	0,
				"omitted":	false,
				"sender":	true
			}
		}, {
			"streams":	[{
					"socket":	5,
					"start":	8.009066,
					"end":	9.012163,
					"seconds":	1.0030970573425293,
					"bytes":	15244984320,
					"bits_per_second":	121583324033.57271,
					"retransmits":	0,
					"snd_cwnd":	4681384,
					"snd_wnd":	7347200,
					"rtt":	32,
					"rttvar":	6,
					"pmtu":	1500,
					"omitted":	false,
					"sender":	true
				}],
			"sum":	{
				"start":	8.009066,
				"end":	9.012163,
				"seconds":	1.0030970573425293,
				"bytes":	15244984320,
				"bits_per_second":	121583324033.57271,
				"retransmits":	0,
				"omitted":	false,
				"sender":	true
			}
		}, {
			"streams":	[{
					"socket":	5,
					"start":	9.012163,
					"end":	10.009011,
					"seconds":	0.99684798717498779,
					"bytes":	15114305536,
					"bits_per_second":	121296773272.98906,
					"retransmits":	0,
					"snd_cwnd":	4681384,
					"snd_wnd":	7111680,
					"rtt":	40,
					"rttvar":	8,
					"pmtu":	1500,
					"omitted":	false,
					"sender":	true
				}],
			"sum":	{
				"start":	9.012163,
				"end":	10.009011,
				"seconds":	0.99684798717498779,
				"bytes":	15114305536,
				"bits_per_second":	121296773272.98906,
				"retransmits":	0,
				"omitted":	false,
				"sender":	true
			}
		}, {
			"streams":	[{
					"socket":	5,
					"start":	10.009011,
					"end":	11.068723,
					"seconds":	1.0597120523452759,
					"bytes":	15193735168,
					"bits_per_second":	114700857723.56259,
					"retransmits":	0,
					"snd_cwnd":	4681384,
					"snd_wnd":	7404160,
					"rtt":	39,
					"rttvar":	13,
					"pmtu":	1500,
					"omitted":	false,
					"sender":	true
				}],
			"sum":	{
				"start":	10.009011,
				"end":	11.068723,
				"seconds":	1.0597120523452759,
				"bytes":	15193735168,
				"bits_per_second":	114700857723.56259,
				"retransmits":	0,
				"omitted":	false,
				"sender":	true
			}
		}, {
			"streams":	[{
					"socket":	5,
					"start":	11.068723,
					"end":	12.06839,
					"seconds":	0.99966698884964,
					"bytes":	14554103808,
					"bits_per_second":	116471616811.09857,
					"retransmits":	0,
					"snd_cwnd":	4681384,
					"snd_wnd":	5810176,
					"rtt":	26,
					"rttvar":	6,
					"pmtu":	1500,
					"omitted":	false,
					"sender":	true
				}],
			"sum":	{
				"start":	11.068723,
				"end":	12.06839,
				"seconds":	0.99966698884964,