{
	"start":	{
		"connected":	[{
				"socket":	5,
				"local_host":	"10.10.0.1",
				"local_port":	34260,
				"remote_host":	"10.10.0.2",
				"remote_port":	5202
			}],
		"version":	"iperf 3.16",
		"system_info":	"Linux lnx 6.8.0-85-generic #85-Ubuntu SMP PREEMPT_DYNAMIC Thu Sep 18 15:21:04 UTC 2025 aarch64",
		"timestamp":	{
			"time":	"Mon, 06 Oct 2025 18:52:06 GMT",
			"timesecs":	1759776726
		},
		"connecting_to":	{
			"host":	"10.10.0.2",
			"port":	5202
		},
		"cookie":	"xos6j4dvcil3szvsqzjvdzc7g6zwuwkiy4cp",
		"tcp_mss_default":	8948,
		"target_bitrate":	0,
		"fq_rate":	0,
		"sock_bufsize":	4194304,
		"sndbuf_actual":	8388608,
		"rcvbuf_actual":	8388608,
		"test_start":	{
			"protocol":	"TCP",
			"num_streams":	1,
			"blksize":	131072,
			"omit":	0,
			"duration":	15,
			"bytes":	0,
			"blocks":	0,
			"reverse":	0,
			"tos":	0,
			"target_bitrate":	0,
			"bidir":	0,
			"fqrate":	0
		}
	},
	"intervals":	[{
			"streams":	[{
					"socket":	5,
					"start":	0,
					"end":	1.001015,
					"seconds":	1.0010149478912354,
					"bytes":	15214182400,
					"bits_per_second":	121590051633.49939,
					"retransmits":	0,
					"snd_cwnd":	2603868,
					"snd_wnd":	688768,
					"rtt":	24,
					"rttvar":	3,
					"pmtu":	9000,
					"omitted":	false,
					"sender":	true
				}],
			"sum":	{
				"start":	0,
				"end":	1.001015,
				"seconds":	1.0010149478912354,
				"bytes":	15214182400,
				"bits_per_second":	121590051633.49939,
				"retransmits":	0,
				"omitted":	false,
				"sender":	true
			}
		}, {
			"streams":	[{
					"socket":	5,
					"start":	1.001015,
					"end":	2.001409,
					"seconds":	1.0003939867019653,
					"bytes":	18415616000,
					"bits_per_second":	147266906797.08237,
					"retransmits":	0,
					"snd_cwnd":	2800724,
					"snd_wnd":	627712,
					"rtt":	25,
					"rttvar":	2,
					"pmtu":	9000,
					"omitted":	false,
					"sender":	true
				}],
			"sum":	{
				"start":	1.001015,
				"end":	2.001409,
				"seconds":	1.0003939867019653,
				"bytes":	18415616000,
				"bits_per_second":	147266906797.08237,
				"retransmits":	0,
				"omitted":	false,
				"sender":	true
			}
		}, {
			"streams":	[{
					"socket":	5,
					"start":	2.001409,
					"end":	3.001015,
					"seconds":	0.99960601329803467,
					"bytes":	18261213184,
					"bits_per_second":	146147285559.0386,
					"retransmits":	0,
					"snd_cwnd":	2800724,
					"snd_wnd":	562688,
					"rtt":	30,
					"rttvar":	6,
					"pmtu":	9000,
					"omitted":	false,
					"sender":	true
				}],
			"sum":	{
				"start":	2.001409,
				"end":	3.001015,
				"seconds":	0.99960601329803467,
				"bytes":	18261213184,
				"bits_per_second":	146147285559.0386,
				"retransmits":	0,
				"omitted":	false,
				"sender":	true
			}
		}, {
			"streams":	[{
					"socket":	5,
					"start":	3.001015,
					"end":	4.001018,
					"seconds":	1.0000029802322388,
					"bytes":	18230280192,
					"bits_per_second":	145841806893.54535,
					"retransmits":	0,
					"snd_cwnd":	2800724,
					"snd_wnd":	0,
					"rtt":	23,
					"rttvar":	2,
					"pmtu":	9000,
					"omitted":	false,
					"sender":	true
				}],
			"sum":	{
				"start":	3.001015,
				"end":	4.001018,
				"seconds":	1.0000029802322388,
				"bytes":	18230280192,
				"bits_per_second":	145841806893.54535,
				"retransmits":	0,
				"omitted":	false,
				"sender":	true
			}
		}, {
			"streams":	[{
					"socket":	5,
					"start":	4.001018,
					"end":	5.001405,
					"seconds":	1.0003869533538818,
					"bytes":	18222940160,
					"bits_per_second":	145727131677.64575,
					"retransmits":	0,
					"snd_cwnd":	2800724,
					"snd_wnd":	7936,
					"rtt":	27,
					"rttvar":	5,
					"pmtu":	9000,
					"omitted":	false,
					"sender":	true
				}],
			"sum":	{
				"start":	4.001018,
				"end":	5.001405,
				"seconds":	1.0003869533538818,
				"bytes":	18222940160,
				"bits_per_second":	145727131677.64575,
				"retransmits":	0,
				"omitted":	false,
				"sender":	true
			}
		}, {
			"streams":	[{
					"socket":	5,
					"start":	5.001405,
					"end":	6.002403,
					"seconds":	1.0009980201721191,
					"bytes":	18430427136,
					"bits_per_second":	147296412297.24658,
					"retransmits":	0,
					"snd_cwnd":	3221280,
					"snd_wnd":	510336,
					"rtt":	25,
					"rttvar":	3,
					"pmtu":	9000,
					"omitted":	false,
					"sender":	true
				}],
			"sum":	{
				"start":	5.001405,
				"end":	6.002403,
				"seconds":	1.0009980201721191,
				"bytes":	18430427136,
				"bits_per_second":	147296412297.24658,
				"retransmits":	0,
				"omitted":	false,
				"sender":	true
			}
		}, {
			"streams":	[{
					"socket":	5,
					"start":	6.002403,
					"end":	7.001017,
					"seconds":	0.998614013195038,
					"bytes":	18234212352,
					"bits_per_second":	146076158444.12311,
					"retransmits":	0,
					"snd_cwnd":	3221280,
					"snd_wnd":	625280,
					"rtt":	21,
					"rttvar":	1,
					"pmtu":	9000,
					"omitted":	false,
					"sender":	true
				}],
			"sum":	{
				"start":	6.002403,
				"end":	7.001017,
				"seconds":	0.998614013195038,
				"bytes":	18234212352,
				"bits_per_second":	146076158444.12311,
				"retransmits":	0,
				"omitted":	false,
				"sender":	true
			}
		}, {
			"streams":	[{
					"socket":	5,
					"start":	7.001017,
					"end":	8.001021,
					"seconds":	1.0000040531158447,
					"bytes":	18475122688,
					"bits_per_second":	147800382451.928,
					"retransmits":	0,
					"snd_cwnd":	3382344,
					"snd_wnd":	513408,
					"rtt":	29,
					"rttvar":	7,
					"pmtu":	9000,
					"omitted":	false,
					"sender":	true
				}],
			"sum":	{
				"start":	7.001017,
				"end":	8.001021,
				"seconds":	1.0000040531158447,
				"bytes":	18475122688,
				"bits_per_second":	147800382451.928,
				"retransmits":	0,
				"omitted":	false,
				"sender":	true
			}
		}, {
			"streams":	[{
					"socket":	5,
					"start":	8.001021,
					"end":	9.001016,
					"seconds":	0.999994993209839,
					"bytes":	18446942208,
					"bits_per_second":	147576276547.44943,
					"retransmits":	0,
					"snd_cwnd":	3382344,
					"snd_wnd":	128,
					"rtt":	27,
					"rttvar":	6,
					"pmtu":	9000,
					"omitted":	false,
					"sender":	true
				}],
			"sum":	{
				"start":	8.001021,
				"end":	9.001016,
				"seconds":	0.999994993209839,
				"bytes":	18446942208,
				"bits_per_second":	147576276547.44943,
				"retransmits":	0,
				"omitted":	false,
				"sender":	true
			}
		}, {
			"streams":	[{
					"socket":	5,
					"start":	9.001016,
					"end":	10.001399,
					"seconds":	1.0003830194473267,
					"bytes":	18385600512,
					"bits_per_second":	147028489325.27734,
					"retransmits":	0,
					"snd_cwnd":	3382344,
					"snd_wnd":	0,
					"rtt":	24,
					"rttvar":	8,
					"pmtu":	9000,
					"omitted":	false,
					"sender":	true
				}],
			"sum":	{
				"start":	9.001016,
				"end":	10.001399,
				"seconds":	1.0003830194473267,
				"bytes":	18385600512,
				"bits_per_second":	147028489325.27734,
				"retransmits":	0,
				"omitted":	false,
				"sender":	true
			}
		}, {
			"streams":	[{
					"socket":	5,
					"start":	10.001399,
					"end":	11.001399,
					"seconds":	1,
					"bytes":	18401329152,
					"bits_per_second":	147210633216,
					"retransmits":	0,
					"snd_cwnd":	3981860,
					"snd_wnd":	0,
					"rtt":	26,
					"rttvar":	3,
					"pmtu":	9000,
					"omitted":	false,
					"sender":	true
				}],
			"sum":	{
				"start":	10.001399,
				"end":	11.001399,
				"seconds":	1,
				"bytes":	18401329152,
				"bits_per_second":	147210633216,
				"retransmits":	0,
				"omitted":	false,
				"sender":	true
			}
		}, {
			"streams":	[{
					"socket":	5,
					"start":	11.001399,
					"end":	12.001016,
					"seconds":	0.99961698055267334,
					"bytes":	18340904960,
					"bits_per_second":	146783460599.95569,
					"retransmits":	0,
					"snd_cwnd":	4178716,
					"snd_wnd":	7808,
					"rtt":	22,
					"rttvar":	2,
					"pmtu":	9000,
					"omitted":	false,
					"sender":	true
				}],
			"sum":	{
				"start":	11.001399,
				"end":	12.001016,
				"seconds":	0.99961698055267334,
				"bytes":	18340904960,
				"bits_per_second":	146783460599.95569,
				"retransmits":	0,