{
	"start":	{
		"connected":	[{
				"socket":	5,
				"local_host":	"10.10.0.1",
				"local_port":	48738,
				"remote_host":	"10.10.0.2",
				"remote_port":	5202
			}],
		"version":	"iperf 3.16",
		"system_info":	"Linux lnx 6.8.0-85-generic #85-Ubuntu SMP PREEMPT_DYNAMIC Thu Sep 18 15:21:04 UTC 2025 aarch64",
		"timestamp":	{
			"time":	"Mon, 06 Oct 2025 18:27:06 GMT",
			"timesecs":	1759775226
		},
		"connecting_to":	{
			"host":	"10.10.0.2",
			"port":	5202
		},
		"cookie":	"p7uhiuhzq4sxeefxdf3xg3socvf72byxfk36",
		"tcp_mss_default":	8948,
		"target_bitrate":	0,
		"fq_rate":	0,
		"sock_bufsize":	4194304,
		"sndbuf_actual":	8388608,
		"rcvbuf_actual":	8388608,
		"test_start":	{
			"protocol":	"TCP",
			"num_streams":	1,
			"blksize":	131072,
			"omit":	0,
			"duration":	15,
			"bytes":	0,
			"blocks":	0,
			"reverse":	0,
			"tos":	0,
			"target_bitrate":	0,
			"bidir":	0,
			"fqrate":	0
		}
	},
	"intervals":	[{
			"streams":	[{
					"socket":	5,
					"start":	0,
					"end":	1.001044,
					"seconds":	1.0010440349578857,
					"bytes":	18039439360,
					"bits_per_second":	144165001578.64822,
					"retransmits":	0,
					"snd_cwnd":	2809672,
					"snd_wnd":	1305984,
					"rtt":	38,
					"rttvar":	20,
					"pmtu":	9000,
					"omitted":	false,
					"sender":	true
				}],
			"sum":	{
				"start":	0,
				"end":	1.001044,
				"seconds":	1.0010440349578857,
				"bytes":	18039439360,
				"bits_per_second":	144165001578.64822,
				"retransmits":	0,
				"omitted":	false,
				"sender":	true
			}
		}, {
			"streams":	[{
					"socket":	5,
					"start":	1.001044,
					"end":	2.028616,
					"seconds":	1.02757203578949,
					"bytes":	18980667392,
					"bits_per_second":	147770992054.42694,
					"retransmits":	0,
					"snd_cwnd":	3140748,
					"snd_wnd":	722048,
					"rtt":	39,
					"rttvar":	19,
					"pmtu":	9000,
					"omitted":	false,
					"sender":	true
				}],
			"sum":	{
				"start":	1.001044,
				"end":	2.028616,
				"seconds":	1.02757203578949,
				"bytes":	18980667392,
				"bits_per_second":	147770992054.42694,
				"retransmits":	0,
				"omitted":	false,
				"sender":	true
			}
		}, {
			"streams":	[{
					"socket":	5,
					"start":	2.028616,
					"end":	3.000067,
					"seconds":	0.97145098447799683,
					"bytes":	17949392896,
					"bits_per_second":	147815119303.37891,
					"retransmits":	0,
					"snd_cwnd":	3140748,
					"snd_wnd":	156800,
					"rtt":	32,
					"rttvar":	7,
					"pmtu":	9000,
					"omitted":	false,
					"sender":	true
				}],
			"sum":	{
				"start":	2.028616,
				"end":	3.000067,
				"seconds":	0.97145098447799683,
				"bytes":	17949392896,
				"bits_per_second":	147815119303.37891,
				"retransmits":	0,
				"omitted":	false,
				"sender":	true
			}
		}, {
			"streams":	[{
					"socket":	5,
					"start":	3.000067,
					"end":	4.000029,
					"seconds":	0.9999619722366333,
					"bytes":	18593611776,
					"bits_per_second":	148754551010.86557,
					"retransmits":	0,
					"snd_cwnd":	3292864,
					"snd_wnd":	128,
					"rtt":	25,
					"rttvar":	3,
					"pmtu":	9000,
					"omitted":	false,
					"sender":	true
				}],
			"sum":	{
				"start":	3.000067,
				"end":	4.000029,
				"seconds":	0.9999619722366333,
				"bytes":	18593611776,
				"bits_per_second":	148754551010.86557,
				"retransmits":	0,
				"omitted":	false,
				"sender":	true
			}
		}, {
			"streams":	[{
					"socket":	5,
					"start":	4.000029,
					"end":	5.000039,
					"seconds":	1.0000100135803223,
					"bytes":	18576834560,
					"bits_per_second":	148613188329.9017,
					"retransmits":	0,
					"snd_cwnd":	3292864,
					"snd_wnd":	665344,
					"rtt":	34,
					"rttvar":	18,
					"pmtu":	9000,
					"omitted":	false,
					"sender":	true
				}],
			"sum":	{
				"start":	4.000029,
				"end":	5.000039,
				"seconds":	1.0000100135803223,
				"bytes":	18576834560,
				"bits_per_second":	148613188329.9017,
				"retransmits":	0,
				"omitted":	false,
				"sender":	true
			}
		}, {
			"streams":	[{
					"socket":	5,
					"start":	5.000039,
					"end":	6.000316,
					"seconds":	1.000277042388916,
					"bytes":	18468306944,
					"bits_per_second":	147705534857.76688,
					"retransmits":	0,
					"snd_cwnd":	3767108,
					"snd_wnd":	690304,
					"rtt":	39,
					"rttvar":	14,
					"pmtu":	9000,
					"omitted":	false,
					"sender":	true
				}],
			"sum":	{
				"start":	5.000039,
				"end":	6.000316,
				"seconds":	1.000277042388916,
				"bytes":	18468306944,
				"bits_per_second":	147705534857.76688,
				"retransmits":	0,
				"omitted":	false,
				"sender":	true
			}
		}, {
			"streams":	[{
					"socket":	5,
					"start":	6.000316,
					"end":	7.00008,
					"seconds":	0.99976402521133423,
					"bytes":	18684313600,
					"bits_per_second":	149509789340.94321,
					"retransmits":	0,
					"snd_cwnd":	3990808,
					"snd_wnd":	514304,
					"rtt":	31,
					"rttvar":	10,
					"pmtu":	9000,
					"omitted":	false,
					"sender":	true
				}],
			"sum":	{
				"start":	6.000316,
				"end":	7.00008,
				"seconds":	0.99976402521133423,
				"bytes":	18684313600,
				"bits_per_second":	149509789340.94321,
				"retransmits":	0,
				"omitted":	false,
				"sender":	true
			}
		}, {
			"streams":	[{
					"socket":	5,
					"start":	7.00008,
					"end":	8.000063,
					"seconds":	0.999983012676239,
					"bytes":	18985517056,
					"bits_per_second":	151886716596.82983,
					"retransmits":	0,
					"snd_cwnd":	4214508,
					"snd_wnd":	686336,
					"rtt":	29,
					"rttvar":	7,
					"pmtu":	9000,
					"omitted":	false,
					"sender":	true
				}],
			"sum":	{
				"start":	7.00008,
				"end":	8.000063,
				"seconds":	0.999983012676239,
				"bytes":	18985517056,
				"bits_per_second":	151886716596.82983,
				"retransmits":	0,
				"omitted":	false,
				"sender":	true
			}
		}, {
			"streams":	[{
					"socket":	5,
					"start":	8.000063,
					"end":	9.000175,
					"seconds":	1.0001120567321777,
					"bytes":	18545901568,
					"bits_per_second":	148350588861.7955,
					"retransmits":	0,
					"snd_cwnd":	4214508,
					"snd_wnd":	761216,
					"rtt":	29,
					"rttvar":	7,
					"pmtu":	9000,
					"omitted":	false,
					"sender":	true
				}],
			"sum":	{
				"start":	8.000063,
				"end":	9.000175,
				"seconds":	1.0001120567321777,
				"bytes":	18545901568,
				"bits_per_second":	148350588861.7955,
				"retransmits":	0,
				"omitted":	false,
				"sender":	true
			}
		}, {
			"streams":	[{
					"socket":	5,
					"start":	9.000175,
					"end":	10.000015,
					"seconds":	0.999840021133423,
					"bytes":	18149015552,
					"bits_per_second":	145215355804.03113,
					"retransmits":	0,
					"snd_cwnd":	4214508,
					"snd_wnd":	1129344,
					"rtt":	41,
					"rttvar":	11,
					"pmtu":	9000,
					"omitted":	false,
					"sender":	true
				}],
			"sum":	{
				"start":	9.000175,
				"end":	10.000015,
				"seconds":	0.999840021133423,
				"bytes":	18149015552,
				"bits_per_second":	145215355804.03113,
				"retransmits":	0,
				"omitted":	false,
				"sender":	true
			}
		}, {
			"streams":	[{
					"socket":	5,
					"start":	10.000015,
					"end":	11.000192,
					"seconds":	1.0001770257949829,
					"bytes":	18482462720,
					"bits_per_second":	147833531411.57672,
					"retransmits":	0,
					"snd_cwnd":	4214508,
					"snd_wnd":	663552,
					"rtt":	58,
					"rttvar":	23,
					"pmtu":	9000,
					"omitted":	false,
					"sender":	true
				}],
			"sum":	{
				"start":	10.000015,
				"end":	11.000192,
				"seconds":	1.0001770257949829,
				"bytes":	18482462720,
				"bits_per_second":	147833531411.57672,
				"retransmits":	0,
				"omitted":	false,
				"sender":	true
			}
		}, {
			"streams":	[{
					"socket":	5,
					"start":	11.000192,
					"end":	12.073579,
					"seconds":	1.0733870267868042,
					"bytes":	19884146688,
					"bits_per_second":	148197406465.94852,
					"retransmits":	0,
					"snd_cwnd":	4214508,
					"snd_wnd":	933504,
					"rtt":	34,
					"rttvar":	12,
					"pmtu":	9000,
					"omitted":	false,
					"sender":	true
				}],
			"sum":	{
				"start":	11.000192,
				"end":	12.073579,
				"seconds":	1.0733870267868042,
				"bytes":	19884146688,