{
	"start":	{
		"connected":	[{
				"socket":	5,
				"local_host":	"10.10.0.1",
				"local_port":	56502,
				"remote_host":	"10.10.0.2",
				"remote_port":	5202
			}],
		"version":	"iperf 3.16",
		"system_info":	"Linux lnx 6.8.0-85-generic #85-Ubuntu SMP PREEMPT_DYNAMIC Thu Sep 18 15:21:04 UTC 2025 aarch64",
		"timestamp":	{
			"time":	"Mon, 06 Oct 2025 18:34:50 GMT",
			"timesecs":	1759775690
		},
		"connecting_to":	{
			"host":	"10.10.0.2",
			"port":	5202
		},
		"cookie":	"hqvukitogtgrimmk5cirkbm7ctth2pxc5ijz",
		"tcp_mss_default":	1448,
		"target_bitrate":	0,
		"fq_rate":	0,
		"sock_bufsize":	4194304,
		"sndbuf_actual":	8388608,
		"rcvbuf_actual":	8388608,
		"test_start":	{
			"protocol":	"TCP",
			"num_streams":	1,
			"blksize":	131072,
			"omit":	0,
			"duration":	15,
			"bytes":	0,
			"blocks":	0,
			"reverse":	0,
			"tos":	0,
			"target_bitrate":	0,
			"bidir":	0,
			"fqrate":	0
		}
	},
	"intervals":	[{
			"streams":	[{
					"socket":	5,
					"start":	0,
					"end":	1.001012,
					"seconds":	1.0010119676589966,
					"bytes":	14096269312,
					"bits_per_second":	112656150115.49605,
					"retransmits":	0,
					"snd_cwnd":	1125096,
					"snd_wnd":	1536,
					"rtt":	31,
					"rttvar":	4,
					"pmtu":	1500,
					"omitted":	false,
					"sender":	true
				}],
			"sum":	{
				"start":	0,
				"end":	1.001012,
				"seconds":	1.0010119676589966,
				"bytes":	14096269312,
				"bits_per_second":	112656150115.49605,
				"retransmits":	0,
				"omitted":	false,
				"sender":	true
			}
		}, {
			"streams":	[{
					"socket":	5,
					"start":	1.001012,
					"end":	2.038043,
					"seconds":	1.0370310544967651,
					"bytes":	15400304640,
					"bits_per_second":	118803035440.23166,
					"retransmits":	0,
					"snd_cwnd":	1268448,
					"snd_wnd":	800256,
					"rtt":	34,
					"rttvar":	12,
					"pmtu":	1500,
					"omitted":	false,
					"sender":	true
				}],
			"sum":	{
				"start":	1.001012,
				"end":	2.038043,
				"seconds":	1.0370310544967651,
				"bytes":	15400304640,
				"bits_per_second":	118803035440.23166,
				"retransmits":	0,
				"omitted":	false,
				"sender":	true
			}
		}, {
			"streams":	[{
					"socket":	5,
					"start":	2.038043,
					"end":	3.000991,
					"seconds":	0.9629480242729187,
					"bytes":	13738573824,
					"bits_per_second":	114137614722.23521,
					"retransmits":	0,
					"snd_cwnd":	1407456,
					"snd_wnd":	620800,
					"rtt":	41,
					"rttvar":	7,
					"pmtu":	1500,
					"omitted":	false,
					"sender":	true
				}],
			"sum":	{
				"start":	2.038043,
				"end":	3.000991,
				"seconds":	0.9629480242729187,
				"bytes":	13738573824,
				"bits_per_second":	114137614722.23521,
				"retransmits":	0,
				"omitted":	false,
				"sender":	true
			}
		}, {
			"streams":	[{
					"socket":	5,
					"start":	3.000991,
					"end":	4.001022,
					"seconds":	1.0000309944152832,
					"bytes":	12303335424,
					"bits_per_second":	98423632809.051041,
					"retransmits":	0,
					"snd_cwnd":	1618864,
					"snd_wnd":	623360,
					"rtt":	46,
					"rttvar":	10,
					"pmtu":	1500,
					"omitted":	false,
					"sender":	true
				}],
			"sum":	{
				"start":	3.000991,
				"end":	4.001022,
				"seconds":	1.0000309944152832,
				"bytes":	12303335424,
				"bits_per_second":	98423632809.051041,
				"retransmits":	0,
				"omitted":	false,
				"sender":	true
			}
		}, {
			"streams":	[{
					"socket":	5,
					"start":	4.001022,
					"end":	5.001029,
					"seconds":	1.0000070333480835,
					"bytes":	12314214400,
					"bits_per_second":	98513022323.623245,
					"retransmits":	0,
					"snd_cwnd":	1836064,
					"snd_wnd":	577536,
					"rtt":	37,
					"rttvar":	14,
					"pmtu":	1500,
					"omitted":	false,
					"sender":	true
				}],
			"sum":	{
				"start":	4.001022,
				"end":	5.001029,
				"seconds":	1.0000070333480835,
				"bytes":	12314214400,
				"bits_per_second":	98513022323.623245,
				"retransmits":	0,
				"omitted":	false,
				"sender":	true
			}
		}, {
			"streams":	[{
					"socket":	5,
					"start":	5.001029,
					"end":	6.001022,
					"seconds":	0.99999302625656128,
					"bytes":	12302155776,
					"bits_per_second":	98417932549.411362,
					"retransmits":	0,
					"snd_cwnd":	1836064,
					"snd_wnd":	177536,
					"rtt":	35,
					"rttvar":	5,
					"pmtu":	1500,
					"omitted":	false,
					"sender":	true
				}],
			"sum":	{
				"start":	5.001029,
				"end":	6.001022,
				"seconds":	0.99999302625656128,
				"bytes":	12302155776,
				"bits_per_second":	98417932549.411362,
				"retransmits":	0,
				"omitted":	false,
				"sender":	true
			}
		}, {
			"streams":	[{
					"socket":	5,
					"start":	6.001022,
					"end":	7.001022,
					"seconds":	1,
					"bytes":	12338855936,
					"bits_per_second":	98710847488,
					"retransmits":	0,
					"snd_cwnd":	1836064,
					"snd_wnd":	524544,
					"rtt":	68,
					"rttvar":	68,
					"pmtu":	1500,
					"omitted":	false,
					"sender":	true
				}],
			"sum":	{
				"start":	6.001022,
				"end":	7.001022,
				"seconds":	1,
				"bytes":	12338855936,
				"bits_per_second":	98710847488,
				"retransmits":	0,
				"omitted":	false,
				"sender":	true
			}
		}, {
			"streams":	[{
					"socket":	5,
					"start":	7.001022,
					"end":	8.00104,
					"seconds":	1.0000180006027222,
					"bytes":	12038176768,
					"bits_per_second":	96303680619.7045,
					"retransmits":	0,
					"snd_cwnd":	2564408,
					"snd_wnd":	554240,
					"rtt":	36,
					"rttvar":	8,
					"pmtu":	1500,
					"omitted":	false,
					"sender":	true
				}],
			"sum":	{
				"start":	7.001022,
				"end":	8.00104,
				"seconds":	1.0000180006027222,
				"bytes":	12038176768,
				"bits_per_second":	96303680619.7045,
				"retransmits":	0,
				"omitted":	false,
				"sender":	true
			}
		}, {
			"streams":	[{
					"socket":	5,
					"start":	8.00104,
					"end":	9.000976,
					"seconds":	0.99993598461151123,
					"bytes":	12231770112,
					"bits_per_second":	97860425469.1541,
					"retransmits":	0,
					"snd_cwnd":	3114648,
					"snd_wnd":	521600,
					"rtt":	29,
					"rttvar":	5,
					"pmtu":	1500,
					"omitted":	false,
					"sender":	true
				}],
			"sum":	{
				"start":	8.00104,
				"end":	9.000976,
				"seconds":	0.99993598461151123,
				"bytes":	12231770112,
				"bits_per_second":	97860425469.1541,
				"retransmits":	0,
				"omitted":	false,
				"sender":	true
			}
		}, {
			"streams":	[{
					"socket":	5,
					"start":	9.000976,
					"end":	10.001995,
					"seconds":	1.00101900100708,
					"bytes":	12752257024,
					"bits_per_second":	101914205513.94553,
					"retransmits":	0,
					"snd_cwnd":	3114648,
					"snd_wnd":	519424,
					"rtt":	36,
					"rttvar":	7,
					"pmtu":	1500,
					"omitted":	false,
					"sender":	true
				}],
			"sum":	{
				"start":	9.000976,
				"end":	10.001995,
				"seconds":	1.00101900100708,
				"bytes":	12752257024,
				"bits_per_second":	101914205513.94553,
				"retransmits":	0,
				"omitted":	false,
				"sender":	true
			}
		}, {
			"streams":	[{
					"socket":	5,
					"start":	10.001995,
					"end":	11.001028,
					"seconds":	0.999032974243164,
					"bytes":	12744654848,
					"bits_per_second":	102055929496.46091,
					"retransmits":	0,
					"snd_cwnd":	3114648,
					"snd_wnd":	637696,
					"rtt":	55,
					"rttvar":	15,
					"pmtu":	1500,
					"omitted":	false,
					"sender":	true
				}],
			"sum":	{
				"start":	10.001995,
				"end":	11.001028,
				"seconds":	0.999032974243164,
				"bytes":	12744654848,
				"bits_per_second":	102055929496.46091,
				"retransmits":	0,
				"omitted":	false,
				"sender":	true
			}
		}, {
			"streams":	[{
					"socket":	5,
					"start":	11.001028,
					"end":	12.000796,
					"seconds":	0.99976801872253418,
					"bytes":	12648054784,
					"bits_per_second":	101207916613.78572,
					"retransmits":	0,
					"snd_cwnd":	3114648,
					"snd_wnd":	1024,
					"rtt":	43,
					"rttvar":	9,
					"pmtu":	1500,
					"omitted":	false,
					"sender":	true
				}],
			"sum":	{
				"start":	11.001028,
				"end":	12.000796,
				"seconds":	0.99976801872253418,
				"bytes":	12648054784,
				"bits_per_second":	101207916613.78572,